Segment Number,Wavenumber (cm-1),Wavenumber + Noise (cm-1),Alpha (ppm/cm),Alpha + Noise (ppm/cm),Pressure (Torr),Temperature (C)
0,13155.0,13155.000033737142,5.106282044117079e-06,1.3200969436532176e-05,60.0,25.0
0,13155.005,13155.005030105347,6.143768156890916e-06,-1.413094077108154e-07,60.0,25.0
0,13155.009999999998,13155.01001910302,7.721801143400586e-06,5.2496807952472606e-05,60.0,25.0
0,13155.014999999998,13155.015028357577,1.0345052016017367e-05,-4.786382993087893e-06,60.0,25.0
0,13155.019999999997,13155.020040910378,1.508077764440746e-05,-1.713112027341264e-05,60.0,25.0
0,13155.024999999996,13155.024998292987,2.4004793153822266e-05,3.7438630555831917e-07,60.0,25.0
0,13155.029999999995,13155.029967141765,4.0512339366108465e-05,-5.468140058847549e-05,60.0,25.0
0,13155.034999999994,13155.034981944584,6.865946399990581e-05,1.6615492407942548e-05,60.0,25.0
0,13155.039999999994,13155.039971346092,0.00011050538558351729,6.987447551814191e-05,60.0,25.0
0,13155.044999999993,13155.04488448846,0.00016186039038658468,0.00012305461117714827,60.0,25.0
0,13155.049999999992,13155.049989228306,0.00020992126061482772,0.00013063622002886275,60.0,25.0
0,13155.054999999991,13155.054972019088,0.00023737636535663695,0.0002780753343039915,60.0,25.0
0,13155.05999999999,13155.060002483946,0.0002325605431343568,0.00018334853383499287,60.0,25.0
0,13155.06499999999,13155.06505499049,0.00019768676325201295,0.0001294357597996835,60.0,25.0
0,13155.069999999989,13155.069893467271,0.00014722310048797047,0.00020606681453600356,60.0,25.0
0,13155.074999999988,13155.074998008266,9.804141222558401e-05,0.0001338617085438486,60.0,25.0
0,13155.079999999987,13155.079974444334,6.0494558209107844e-05,5.288190832204013e-05,60.0,25.0
0,13155.084999999986,13155.085008507176,3.6515656442880704e-05,0.00010665016730537582,60.0,25.0
0,13155.089999999986,13155.08990617195,2.305906239633068e-05,3.329983372231573e-05,60.0,25.0
0,13155.094999999985,13155.095049296446,1.6098692008529304e-05,5.062091237890686e-05,60.0,25.0
0,13155.099999999984,13155.10001216212,1.2633778316216306e-05,7.315264850112703e-05,60.0,25.0
0,13155.104999999983,13155.10489692427,1.0934325082220084e-05,4.0139943333857714e-05,60.0,25.0
0,13155.109999999982,13155.109978543733,1.0179329519349805e-05,-3.561848802057163e-06,60.0,25.0
0,13155.114999999982,13155.115002747782,9.9744304541029e-06,4.403605502538665e-06,60.0,25.0
0,13155.11999999998,13155.120023975893,1.015595522980129e-05,-4.964977902418712e-05,60.0,25.0
0,13155.12499999998,13155.125005548523,1.0664585518377315e-05,2.671562695378344e-05,60.0,25.0
0,13155.12999999998,13155.129922649267,1.1499432338449622e-05,6.312273948664624e-05,60.0,25.0
0,13155.134999999978,13155.134955862508,1.270461911498995e-05,1.0505486375575833e-05,60.0,25.0
0,13155.139999999978,13155.13998008615,1.4374456742146594e-05,-2.26696755890461e-05,60.0,25.0
0,13155.144999999977,13155.145032623957,1.6677425803532976e-05,6.032461353737366e-05,60.0,25.0
0,13155.149999999976,13155.150029887855,1.9913642785170492e-05,-9.780695715363202e-05,60.0,25.0
0,13155.154999999975,13155.154996458734,2.4648842184812833e-05,2.243253208687516e-05,60.0,25.0
0,13155.159999999974,13155.159921476898,3.203281031842919e-05,-3.95606117427187e-05,60.0,25.0
0,13155.164999999974,13155.16504248182,4.453364602374646e-05,5.510574202980485e-06,60.0,25.0
0,13155.169999999973,13155.169917105435,6.743848099484267e-05,4.3460464269580246e-05,60.0,25.0
0,13155.174999999972,13155.175024358594,0.00011120850737665439,0.00012443725058819494,60.0,25.0
0,13155.179999999971,13155.179991414496,0.00019329284006219422,0.00029845731977794617,60.0,25.0
0,13155.18499999997,13155.185068800403,0.00033500377768846213,0.0003630769195902004,60.0,25.0
0,13155.18999999997,13155.190003656224,0.0005476936144008193,0.0005778694905393379,60.0,25.0
0,13155.194999999969,13155.195004418923,0.0008099575935421667,0.0008573707911541116,60.0,25.0
0,13155.199999999968,13155.199936473253,0.0010546154543641416,0.0010750506671039935,60.0,25.0
0,13155.204999999967,13155.204927559287,0.001190779228913035,0.0012012397306841907,60.0,25.0
0,13155.209999999966,13155.209999701005,0.0011586001778778508,0.0011580173466977917,60.0,25.0
0,13155.214999999966,13155.215019069408,0.0009728182732495287,0.0009876677543899039,60.0,25.0
0,13155.219999999965,13155.220030469933,0.0007114103385265355,0.0007343710507601269,60.0,25.0
0,13155.224999999964,13155.225008703392,0.00046181684065842404,0.00046717841854792424,60.0,25.0
0,13155.229999999963,13155.230011583237,0.0002747812556692008,0.00030753499964427316,60.0,25.0
0,13155.234999999962,13155.235009475467,0.00015710038446106509,0.00019015291771328253,60.0,25.0
0,13155.239999999962,13155.239949592442,9.139683151294734e-05,4.2172446630979314e-07,60.0,25.0
0,13155.24499999996,13155.245191680355,5.6826548961698596e-05,3.219275001098883e-05,60.0,25.0
0,13155.24999999996,13155.250009234722,3.852520759665723e-05,7.321118183789076e-05,60.0,25.0
0,13155.25499999996,13155.254969619087,2.8219795371161987e-05,0.0001360170234621223,60.0,25.0
0,13155.259999999958,13155.260035545773,2.18860909064936e-05,5.213976726103334e-05,60.0,25.0
0,13155.264999999958,13155.265002535478,1.7659626596185215e-05,6.648967722093784e-05,60.0,25.0
0,13155.269999999957,13155.270074396818,1.4655012039569843e-05,1.170813518906223e-05,60.0,25.0
0,13155.274999999956,13155.274995815511,1.2419700333816873e-05,-7.593323696963727e-06,60.0,25.0
0,13155.279999999955,13155.27999223343,1.0700963667911061e-05,8.13579380379611e-05,60.0,25.0
0,13155.284999999954,13155.285017626926,9.346081223825182e-06,2.4368538885094833e-05,60.0,25.0
0,13155.289999999954,13155.2900457099,8.256624016703717e-06,-5.612400882520937e-05,60.0,25.0
0,13155.294999999953,13155.294992902884,7.367043939050456e-06,3.989578118040499e-05,60.0,25.0
0,13155.299999999952,13155.299877306401,6.630877085663403e-06,7.664912412746847e-05,60.0,25.0
0,13155.304999999951,13155.305085798096,6.0151502525590426e-06,1.753530671855855e-05,60.0,25.0
0,13155.30999999995,13155.309977007835,5.495033832840944e-06,9.466259002377666e-05,60.0,25.0
0,13155.31499999995,13155.314876125904,5.052382641817143e-06,1.0291064274708372e-05,60.0,25.0
0,13155.319999999949,13155.320072618177,4.673192814333878e-06,-2.099402187788894e-05,60.0,25.0
0,13155.324999999948,13155.324985867323,4.346614690259986e-06,2.054439806627686e-05,60.0,25.0
0,13155.329999999947,13155.329973306672,4.064136940503556e-06,-4.8776919822763504e-05,60.0,25.0
0,13155.334999999946,13155.335039824755,3.819011000950837e-06,8.933758895232459e-05,60.0,25.0
0,13155.339999999946,13155.340005906388,3.6058376303539333e-06,1.4262542814902037e-06,60.0,25.0
0,13155.344999999945,13155.344998049231,3.4202652463792734e-06,-2.576835554667316e-05,60.0,25.0
0,13155.349999999944,13155.349931611085,3.2587668530803283e-06,5.9623123800979486e-05,60.0,25.0
0,13155.354999999943,13155.355102037902,3.118473236371234e-06,-1.57180738281853e-05,60.0,25.0
0,13155.359999999942,13155.36000898657,2.997047148574716e-06,3.9964113481982355e-05,60.0,25.0
0,13155.364999999942,13155.365016967442,2.8925878735822424e-06,-4.980940114059346e-05,60.0,25.0
0,13155.36999999994,13155.369952209228,2.803558727758661e-06,4.10396096547883e-06,60.0,25.0
0,13155.37499999994,13155.374943377437,2.7287322428659443e-06,5.159692368080703e-07,60.0,25.0
0,13155.37999999994,13155.379981457883,2.6671493342448716e-06,1.676947680086447e-05,60.0,25.0
0,13155.384999999938,13155.384999277167,2.6180899009288527e-06,3.9007792901373723e-05,60.0,25.0
0,13155.389999999938,13155.389968179019,2.5820661057457833e-06,-2.622823703810709e-05,60.0,25.0
0,13155.394999999937,13155.394976251071,2.5568581098645877e-06,4.869210620844843e-05,60.0,25.0
0,13155.399999999936,13155.399990440295,2.5433068185954432e-06,-4.530415315145948e-05,60.0,25.0
0,13155.404999999935,13155.405039757234,2.540068946589164e-06,6.199371452934695e-05,60.0,25.0
0,13155.409999999934,13155.410042648633,2.550465724915647e-06,-4.927730905107189e-05,60.0,25.0
0,13155.414999999934,13155.414974451929,2.5736228151317086e-06,6.348090272588425e-05,60.0,25.0
0,13155.419999999933,13155.419921579549,2.610460428494921e-06,5.603566890098817e-05,60.0,25.0
0,13155.424999999932,13155.42498897431,2.6622679342599386e-06,-5.850279173222352e-06,60.0,25.0
0,13155.429999999931,13155.429994970353,2.7308000092702676e-06,6.266549420965199e-05,60.0,25.0
0,13155.43499999993,13155.434973528569,2.817011150983307e-06,-3.725023278262569e-05,60.0,25.0
0,13155.43999999993,13155.439969264728,2.927008326474736e-06,-3.717111282095731e-06,60.0,25.0
0,13155.444999999929,13155.445045156495,3.0635564641042996e-06,8.102538622096728e-05,60.0,25.0
0,13155.449999999928,13155.449987699061,3.2325821684023964e-06,-4.8415985604020215e-05,60.0,25.0
0,13155.454999999927,13155.45492847221,3.442430790505742e-06,6.610831545357365e-05,60.0,25.0
0,13155.459999999926,13155.460015993704,3.7052277391955495e-06,-1.6258468258044696e-06,60.0,25.0
0,13155.464999999926,13155.4650580776,4.039356486950671e-06,-8.768414562037354e-05,60.0,25.0
0,13155.469999999925,13155.470039076446,4.474343889023505e-06,5.573605814555055e-05,60.0,25.0
0,13155.474999999924,13155.474971878717,3.49620809650724e-05,1.8738344838541713e-05,60.0,25.0
0,13155.479999999923,13155.480022740121,3.6169762080418816e-05,8.1115356207931e-05,60.0,25.0
0,13155.484999999922,13155.48499448078,3.783327492624683e-05,6.680894482748219e-05,60.0,25.0
0,13155.489999999922,13155.490084277239,4.038175460859715e-05,8.178472852935043e-05,60.0,25.0
0,13155.49499999992,13155.494946352546,4.471269899751063e-05,0.00010229628890606002,60.0,25.0
0,13155.49999999992,13155.500105027275,5.251276070728362e-05,6.57909201950313e-05,60.0,25.0
0,13155.50499999992,13155.505042957038,6.636626407813608e-05,0.00017311512706553843,60.0,25.0
0,13155.509999999918,13155.509945204902,8.897031303775777e-05,0.00010241706897295111,60.0,25.0
0,13155.514999999918,13155.51509651531,0.0001208640712327601,0.00016321668449716052,60.0,25.0
0,13155.519999999917,13155.519953525341,0.00015749763733157067,0.00016462896519505197,60.0,25.0
0,13155.524999999916,13155.52502667984,0.00018859512534708667,0.00012055289806676728,60.0,25.0
0,13155.529999999915,13155.529944668424,0.0002024914340368049,0.00021998193943718072,60.0,25.0
0,13155.534999999914,13155.535097323636,0.00019354016030344843,0.0001674483336873122,60.0,25.0
0,13155.539999999914,13155.540015495273,0.00016622863748206449,0.00022514944495906976,60.0,25.0
0,13155.544999999913,13155.545053368205,0.0001319353579060255,6.809907080950202e-05,60.0,25.0
0,13155.549999999912,13155.549983364266,0.00010156764453262866,0.00011051575658863843,60.0,25.0
0,13155.554999999911,13155.555074633234,8.061363754514195e-05,7.228333971063572e-05,60.0,25.0
0,13155.55999999991,13155.559875818488,6.927456040214286e-05,0.00013047995065910392,60.0,25.0
0,13155.56499999991,13155.564948837982,6.540442972402978e-05,7.393948364653009e-05,60.0,25.0
0,13155.569999999909,13155.5701288647,6.72071761068439e-05,9.26294018300892e-05,60.0,25.0
0,13155.574999999908,13155.574965476746,7.476248755576796e-05,5.5434233033519495e-06,60.0,25.0
0,13155.579999999907,13155.580007989343,9.112717303325073e-05,0.00010325715968135637,60.0,25.0
0,13155.584999999906,13155.584936182193,0.00012372724624799751,0.00017211625600264683,60.0,25.0
0,13155.589999999906,13155.589994963264,0.00018519709942747204,0.00020270126726917327,60.0,25.0
0,13155.594999999905,13155.59500956889,0.0002902531104154271,0.000382631836038523,60.0,25.0
0,13155.599999999904,13155.599911800338,0.00044488625159243815,0.00047653013362955476,60.0,25.0
0,13155.604999999903,13155.604940360348,0.0006300794880538444,0.0006469363072953124,60.0,25.0
0,13155.609999999902,13155.610044565667,0.0007949658282350592,0.0007562658836587211,60.0,25.0
0,13155.614999999902,13155.615047102972,0.0008761972021627588,0.0008913784180724518,60.0,25.0
0,13155.6199999999,13155.619956586888,0.0008377322138716808,0.0008320716785295954,60.0,25.0
0,13155.6249999999,13155.624954186622,0.0006973429349618046,0.0006894458981499517,60.0,25.0
0,13155.6299999999,13155.629981105461,0.0005132622051779236,0.0005411746398070767,60.0,25.0
0,13155.634999999898,13155.634995660108,0.000344631968978927,0.00031011868629156976,60.0,25.0
0,13155.639999999898,13155.639983043053,0.00022229198713878679,0.0002188817163857613,60.0,25.0
0,13155.644999999897,13155.64503264914,0.00014744025005626108,8.81428339768909e-05,60.0,25.0
0,13155.649999999896,13155.650008574363,0.00010671414872574217,0.00010577925496070822,60.0,25.0
0,13155.654999999895,13155.65507668556,8.585614258479083e-05,0.00020080893230864277,60.0,25.0
0,13155.659999999894,13155.660089804922,7.519302269232194e-05,2.9365527720053184e-05,60.0,25.0
0,13155.664999999894,13155.665065777686,6.95040907890349e-05,9.137125447699883e-05,60.0,25.0
0,13155.669999999893,13155.670048361086,6.629686034533204e-05,1.867281173214454e-05,60.0,25.0
0,13155.674999999892,13155.675018020725,6.442569052863841e-05,0.00010791644974525024,60.0,25.0
0,13155.679999999891,13155.68000292996,6.334591851285445e-05,-1.6881472725670027e-05,60.0,25.0
0,13155.68499999989,13155.685019518396,6.277736454790415e-05,4.893636570060914e-05,60.0,25.0
0,13155.68999999989,13155.69001502817,6.256244239454769e-05,3.319694526142817e-05,60.0,25.0
0,13155.694999999889,13155.695011588785,6.26054447472075e-05,-4.512249313014199e-05,60.0,25.0
0,13155.699999999888,13155.700025731989,6.284473790639606e-05,6.219260371079008e-05,60.0,25.0
0,13155.704999999887,13155.70504494471,6.323886921471107e-05,0.00011556511423880339,60.0,25.0
0,13155.709999999886,13155.709974176843,6.375903835513771e-05,0.0001192707496225616,60.0,25.0
0,13155.714999999886,13155.715015435699,6.445246788752308e-05,4.9470377360535085e-05,60.0,25.0
0,13155.719999999885,13155.719976754444,6.51696845793947e-05,8.103342955059156e-05,60.0,25.0
0,13155.724999999884,13155.724915443381,6.596664180887122e-05,0.0001523319155043276,60.0,25.0
0,13155.729999999883,13155.73000581851,6.6835238734753e-05,6.537751806617422e-05,60.0,25.0
0,13155.734999999882,13155.73501557792,6.776945356797697e-05,0.00014856253353484156,60.0,25.0
0,13155.739999999882,13155.740023251046,6.876482329055587e-05,8.888890007364218e-05,60.0,25.0
0,13155.74499999988,13155.74502652322,6.981807620129357e-05,9.786583260260856e-05,60.0,25.0
0,13155.74999999988,13155.749976225386,7.092686788697747e-05,0.00012513070342631241,60.0,25.0
0,13155.75499999988,13155.754966203825,7.20895886937917e-05,3.394047133599269e-05,60.0,25.0
0,13155.759999999878,13155.759936665358,7.33052215798391e-05,5.742813043444415e-05,60.0,25.0
0,13155.764999999878,13155.764958627578,7.457305669104821e-05,-1.05366995117443e-06,60.0,25.0
0,13155.769999999877,13155.770034601665,7.589334417050442e-05,6.637632748209273e-05,60.0,25.0
0,13155.774999999876,13155.774989740241,7.726611117948312e-05,0.00017044184323153794,60.0,25.0
0,13155.779999999875,13155.78001003835,7.869188187709017e-05,0.00010865135885124398,60.0,25.0
0,13155.784999999874,13155.785057389587,8.01714467839343e-05,7.685927056121161e-05,60.0,25.0
0,13155.789999999874,13155.789993404669,8.170583678620618e-05,9.277129237663291e-05,60.0,25.0
0,13155.794999999873,13155.79492009222,8.329630383711821e-05,0.00011756378189555436,60.0,25.0
0,13155.799999999872,13155.800079724084,8.494430697640368e-05,3.8927092178525983e-05,60.0,25.0
0,13155.804999999871,13155.805021555243,8.665150263998123e-05,4.8491871468215666e-05,60.0,25.0
0,13155.80999999987,13155.810065500966,8.84197384907046e-05,6.523264188435353e-05,60.0,25.0
0,13155.81499999987,13155.81491984616,0.00010993379365424225,0.000171541209754859,60.0,25.0
0,13155.819999999869,13155.819916433638,0.00011207408868881585,0.00012648401675676194,60.0,25.0
0,13155.824999999868,13155.824978621415,0.00011428669977620005,0.00018136301373583607,60.0,25.0
0,13155.829999999867,13155.83001790777,0.00011657433346751822,8.553312332954674e-05,60.0,25.0
0,13155.834999999866,13155.835117868084,0.00011893991838155502,0.00010118602540657302,60.0,25.0
0,13155.839999999866,13155.840096183827,0.00012138658458287528,0.00015851589125675446,60.0,25.0
0,13155.844999999865,13155.845000119518,0.00012391672317105208,0.0002601101123809633,60.0,25.0
0,13155.849999999864,13155.850064613807,0.00012653590146093175,0.00015301468252369504,60.0,25.0
0,13155.854999999863,13155.854959428734,0.00012924688666942716,3.482101162256753e-05,60.0,25.0
0,13155.859999999862,13155.85999830091,0.00013205374541513698,0.00018928322896425654,60.0,25.0
0,13155.864999999862,13155.865125813607,0.00013496081176094278,5.247399941772021e-05,60.0,25.0
0,13155.86999999986,13155.8700809975,0.000137966195621411,0.00020644525861117933,60.0,25.0
0,13155.87499999986,13155.875005167545,0.00014108812551946167,0.00012599671146555047,60.0,25.0
0,13155.87999999986,13155.879943817827,0.00014432504718895844,0.00011175556519014733,60.0,25.0
0,13155.884999999858,13155.885007837125,0.00014768255304970838,0.000170629675024125,60.0,25.0
0,13155.889999999858,13155.890007051315,0.00015116660758403018,9.677005497805964e-05,60.0,25.0
0,13155.894999999857,13155.895037423914,0.00015478357512614874,0.0002076800939923443,60.0,25.0
0,13155.899999999856,13155.900054368283,0.00015854025044217978,0.00015504693967012388,60.0,25.0
0,13155.904999999855,13155.904971244176,0.00016244389238235528,0.00014574662331575614,60.0,25.0
0,13155.909999999854,13155.909972787409,0.0001665022609282466,0.00011923949402197945,60.0,25.0
0,13155.914999999854,13155.914994243876,0.00017072365800383643,9.808193927771473e-05,60.0,25.0
0,13155.919999999853,13155.920006390943,0.00017511697247320215,0.00017965060071245594,60.0,25.0
0,13155.924999999852,13155.924928431285,0.00017969172980963885,0.00024607638704428325,60.0,25.0
0,13155.929999999851,13155.930091094799,0.00018445814699470154,0.00017495439945400785,60.0,25.0
0,13155.93499999985,13155.93498259915,0.00018942719329359837,0.00021972110399294634,60.0,25.0
0,13155.93999999985,13155.940053506663,0.000194655550767326,0.000245914127888732,60.0,25.0
0,13155.944999999849,13155.945012163418,0.00020006669260878816,0.00024969308149732185,60.0,25.0
0,13155.949999999848,13155.950054481298,0.00020571860888915714,9.58537985069555e-05,60.0,25.0
0,13155.954999999847,13155.95502852467,0.00021162603298125157,0.000230814415410255,60.0,25.0
0,13155.959999999846,13155.960054663745,0.00021780487444436746,0.00018520963447481937,60.0,25.0
0,13155.964999999846,13155.965034096054,0.00022427233720808746,0.0001949730004662701,60.0,25.0
0,13155.969999999845,13155.970019198252,0.0002310470538651068,0.00022304346460674983,60.0,25.0
0,13155.974999999844,13155.974919411428,0.00023814923983650265,0.000240940543823867,60.0,25.0
0,13155.979999999843,13155.97999126056,0.00024560087310030213,0.0002938805427776218,60.0,25.0
0,13155.984999999842,13155.984941105966,0.00025342590890936123,0.0003434530859078777,60.0,25.0
0,13155.989999999842,13155.989997932502,0.0002616505468961812,0.00020368357138154263,60.0,25.0
0,13155.99499999984,13155.994933123007,0.00027030358660097456,0.0002329692230871571,60.0,25.0
0,13155.99999999984,13155.999941772287,0.00027941695401829405,0.00031141791330143305,60.0,25.0
0,13156.00499999984,13156.004936379464,0.00028894880686501575,0.0002278615080967384,60.0,25.0
0,13156.009999999838,13156.010033010047,0.0002990974145400802,0.00029656699901269403,60.0,25.0
0,13156.014999999838,13156.014966318078,0.0003098350732653444,0.0003263609095325368,60.0,25.0
0,13156.019999999837,13156.019955703541,0.000321229153584555,0.00039310722169071913,60.0,25.0
0,13156.024999999836,13156.025009415473,0.0003333742311399447,0.00036314880983447296,60.0,25.0
0,13156.029999999835,13156.030001698866,0.00034640192465420605,0.00028667167802073304,60.0,25.0
0,13156.034999999834,13156.03494920734,0.00036047245050294455,0.0003504279168299989,60.0,25.0
0,13156.039999999834,13156.039991098663,0.000375722327148833,0.0003904181654298297,60.0,25.0
0,13156.044999999833,13156.044976348328,0.0003921660352635667,0.00038162238613018504,60.0,25.0
0,13156.049999999832,13156.049973924028,0.00041005906355046106,0.0003243283064305109,60.0,25.0
0,13156.054999999831,13156.054933545796,0.0004282252849645604,0.00038962969389425093,60.0,25.0
0,13156.05999999983,13156.05995669771,0.00044680824001794213,0.0004549530452606346,60.0,25.0
0,13156.06499999983,13156.06493641228,0.0004658609929145152,0.0005015395970015737,60.0,25.0
0,13156.069999999829,13156.069953739694,0.0004857941898865287,0.0004474441898961048,60.0,25.0
0,13156.074999999828,13156.075044308887,0.0005071822578765035,0.0004798441062665201,60.0,25.0
0,13156.079999999827,13156.079965578541,0.0005305162426430818,0.00047630117148817375,60.0,25.0
0,13156.084999999826,13156.084948694473,0.0005560968656082436,0.0005007867283119786,60.0,25.0
0,13156.089999999826,13156.090000662598,0.0005840877867923618,0.000622307994323613,60.0,25.0
0,13156.094999999825,13156.094950570607,0.0006146237455845835,0.0005991944502452697,60.0,25.0
0,13156.099999999824,13156.100031343487,0.0006478856199801495,0.0007216984167980031,60.0,25.0
0,13156.104999999823,13156.105024629405,0.0006841270440695731,0.0007281047231070592,60.0,25.0
0,13156.109999999822,13156.10999316626,0.0007236759271110576,0.0008415376763947209,60.0,25.0
0,13156.114999999822,13156.114962536336,0.0007669325856597656,0.0007391550436465075,60.0,25.0
0,13156.11999999982,13156.119995248047,0.0008143732794758015,0.0008263765874170563,60.0,25.0
0,13156.12499999982,13156.125010226751,0.0008665602543357712,0.0009143715423182403,60.0,25.0
0,13156.12999999982,13156.130089169814,0.0009241575944875874,0.0009266239355794932,60.0,25.0
0,13156.134999999818,13156.134977907992,0.000987952771930749,0.0009742279877725565,60.0,25.0
0,13156.139999999818,13156.139949089034,0.0010588847425957667,0.0011092557749879097,60.0,25.0
0,13156.144999999817,13156.145087738274,0.0011380803295978218,0.0011360881188641737,60.0,25.0
0,13156.149999999816,13156.149942984062,0.0012269015692277384,0.0013019251825289505,60.0,25.0
0,13156.154999999815,13156.15499272397,0.0013270078955296837,0.0012966834577864289,60.0,25.0
0,13156.159999999814,13156.160033496364,0.001440438752518607,0.0014489682094012241,60.0,25.0
0,13156.164999999814,13156.165094553027,0.001569725042375267,0.0015375634024987947,60.0,25.0
0,13156.169999999813,13156.169969383416,0.0017180399963200043,0.001754979148503069,60.0,25.0
0,13156.174999999812,13156.175071450565,0.0018894115179751518,0.0019556082044777353,60.0,25.0
0,13156.179999999811,13156.179936891747,0.0020890195539302243,0.0020311898695501993,60.0,25.0
0,13156.18499999981,13156.185070925381,0.002323627479119864,0.002363193555150351,60.0,25.0
0,13156.18999999981,13156.190058814731,0.00260222086261431,0.0025263854187592295,60.0,25.0
0,13156.194999999809,13156.19499876222,0.002936982038818344,0.002919884580294919,60.0,25.0
0,13156.199999999808,13156.200122724162,0.003344831074814211,0.0033977967104157347,60.0,25.0
0,13156.204999999807,13156.204989809865,0.003849974170286299,0.0038559233953160427,60.0,25.0
0,13156.209999999806,13156.210103251176,0.0044883716459732685,0.004417304700407732,60.0,25.0
0,13156.214999999806,13156.214923952817,0.005316195993942011,0.005243396673578532,60.0,25.0
0,13156.219999999805,13156.219977190183,0.006427426086508848,0.006449222495367809,60.0,25.0
0,13156.224999999804,13156.224959389585,0.007994049202338325,0.00802803908083885,60.0,25.0
0,13156.229999999803,13156.229992440089,0.01036350448801776,0.010450932509651175,60.0,25.0
0,13156.234999999802,13156.234976920765,0.014291913797877481,0.014304793869763214,60.0,25.0
0,13156.239999999802,13156.239945113814,0.021447623319154906,0.021391975078570786,60.0,25.0
0,13156.2449999998,13156.244944238499,0.035283062320776985,0.035250862319720175,60.0,25.0
0,13156.2499999998,13156.250009524172,0.06197225715519887,0.06197473656937532,60.0,25.0
0,13156.2549999998,13156.2550034491,0.11012393833611264,0.11013102392479453,60.0,25.0
0,13156.259999999798,13156.259946155402,0.18707901319394415,0.18708305687929094,60.0,25.0
0,13156.264999999798,13156.264989761294,0.29098629037695506,0.29086778375637246,60.0,25.0
0,13156.269999999797,13156.270031081736,0.40303922064064046,0.4030805110463256,60.0,25.0
0,13156.274999999796,13156.2750169216,0.4891411848636805,0.4891440444272731,60.0,25.0
0,13156.279999999795,13156.279989699371,0.5159664963281144,0.516022305431363,60.0,25.0
0,13156.284999999794,13156.284994312009,0.472082544796344,0.4721024497450445,60.0,25.0
0,13156.289999999794,13156.289999638522,0.37594497368402136,0.37600588927281897,60.0,25.0
0,13156.294999999793,13156.294964531602,0.2631594844124104,0.2631251510504556,60.0,25.0
0,13156.299999999792,13156.29990744386,0.16497551919806347,0.16497687845383505,60.0,25.0
0,13156.304999999791,13156.30501105553,0.09558046430503682,0.09553444030456752,60.0,25.0
0,13156.30999999979,13156.3099735379,0.05365205130133486,0.053591622469066076,60.0,25.0
0,13156.31499999979,13156.315077002753,0.030929596123070224,0.031019838387858226,60.0,25.0
0,13156.319999999789,13156.319998250792,0.019236650749790963,0.019304595465117147,60.0,25.0
0,13156.324999999788,13156.324944482782,0.013134520921025758,0.013159091593287937,60.0,25.0
0,13156.329999999787,13156.329962931059,0.00971486587876794,0.009724665049833188,60.0,25.0
0,13156.334999999786,13156.335010207871,0.0076051372341202576,0.007526365668714668,60.0,25.0
0,13156.339999999786,13156.339930058946,0.006185611488411062,0.0061821742392891895,60.0,25.0
0,13156.344999999785,13156.344993576444,0.005167658403380717,0.00521534010763556,60.0,25.0
0,13156.349999999784,13156.35004586003,0.00440517133789703,0.004270795314611433,60.0,25.0
0,13156.354999999783,13156.354988619543,0.0038168576340562605,0.003777322288174085,60.0,25.0
0,13156.359999999782,13156.360008992502,0.003354141488991637,0.0033826823546976473,60.0,25.0
0,13156.364999999782,13156.364980862498,0.0029870328530688666,0.0030363053648072933,60.0,25.0
0,13156.36999999978,13156.370044836573,0.0026969623559230144,0.0025550977502932686,60.0,25.0
0,13156.37499999978,13156.37497358095,0.0024715620519931685,0.00237288345902166,60.0,25.0
0,13156.37999999978,13156.379961291696,0.0022991967409726026,0.002350796232924322,60.0,25.0
0,13156.384999999778,13156.3848618909,0.0021641253556711135,0.002183916491519212,60.0,25.0
0,13156.389999999778,13156.390009399165,0.0020463532623834547,0.002068997099604995,60.0,25.0
0,13156.394999999777,13156.395060773066,0.0019264438692782777,0.001974314155563259,60.0,25.0
0,13156.399999999776,13156.399987198021,0.0017963962793029092,0.0018421486041042276,60.0,25.0
0,13156.404999999775,13156.405017633055,0.0016614248345412403,0.001723525802634468,60.0,25.0
0,13156.409999999774,13156.409995598182,0.0015342421540732918,0.0015617464969177295,60.0,25.0
0,13156.414999999773,13156.414983075518,0.0014255421315854818,0.00137986365737101,60.0,25.0
0,13156.419999999773,13156.420088556088,0.001339145730836492,0.0013407677472603895,60.0,25.0
0,13156.424999999772,13156.425059833597,0.001272824474576907,0.0012784726055709613,60.0,25.0
0,13156.429999999771,13156.430000533373,0.0012222075491407165,0.0012484432722816923,60.0,25.0
0,13156.43499999977,13156.435012102638,0.0011834172797549663,0.001209202442442416,60.0,25.0
0,13156.43999999977,13156.439951698734,0.0011539146328735388,0.0011679630226367897,60.0,25.0
0,13156.444999999769,13156.444997364502,0.0011323124110238793,0.0011285399460058134,60.0,25.0
0,13156.449999999768,13156.449974681791,0.001117990010783245,0.0011858668946348532,60.0,25.0
0,13156.454999999767,13156.45511451788,0.0011108692524839008,0.0010976859337039223,60.0,25.0
0,13156.459999999766,13156.460005432637,0.0011114315555528324,0.001077376812219703,60.0,25.0
0,13156.464999999765,13156.465002101711,0.0011210615534988898,0.0010871868192078695,60.0,25.0
0,13156.469999999765,13156.469919886042,0.0011429357022281867,0.0010840028551473606,60.0,25.0
0,13156.474999999764,13156.475016338221,0.0011837206262330956,0.0011732588081313513,60.0,25.0
0,13156.479999999763,13156.480051708108,0.0012557455904172571,0.0012372745106537981,60.0,25.0
0,13156.484999999762,13156.485011019256,0.0013773163023804837,0.0013900865126786517,60.0,25.0
0,13156.489999999761,13156.48998205738,0.0015661933042362109,0.001563988778212365,60.0,25.0
0,13156.49499999976,13156.49494679433,0.0018227838008769552,0.0018361268826572452,60.0,25.0
0,13156.49999999976,13156.50001432867,0.002110968230624683,0.0020894241110447683,60.0,25.0
0,13156.50499999976,13156.505073787952,0.0023586876109714487,0.0023425126003301824,60.0,25.0
0,13156.509999999758,13156.509996059918,0.0024936024363102958,0.0025338112746266877,60.0,25.0
0,13156.514999999757,13156.515007079517,0.002492929305921883,0.0025207885942383668,60.0,25.0
0,13156.519999999757,13156.519952748433,0.0024039382646741116,0.002232628307205879,60.0,25.0
0,13156.524999999756,13156.524858080129,0.0023099621506768283,0.002288603587500211,60.0,25.0
0,13156.529999999755,13156.530010298557,0.002282182982581283,0.002324218180565768,60.0,25.0
0,13156.534999999754,13156.535097926853,0.00235408105000791,0.0022696829721850645,60.0,25.0
0,13156.539999999753,13156.53990352971,0.0025300852847251975,0.0025016895906905404,60.0,25.0
0,13156.544999999753,13156.545104610848,0.0028076054323579796,0.0028269295248620156,60.0,25.0
0,13156.549999999752,13156.549978647434,0.0031940222782947383,0.0031717561973178114,60.0,25.0
0,13156.554999999751,13156.554940355929,0.003716327704041242,0.0037348744182695444,60.0,25.0
0,13156.55999999975,13156.559962629373,0.004431513081601256,0.004397573205969698,60.0,25.0
0,13156.56499999975,13156.56502096822,0.005450735253063223,0.00541236526518951,60.0,25.0
0,13156.569999999749,13156.569987424742,0.007000921207436021,0.007008370915639991,60.0,25.0
0,13156.574999999748,13156.575079417054,0.009573893463249758,0.009594038396010095,60.0,25.0
0,13156.579999999747,13156.58012003598,0.014249601450517478,0.014316216070652964,60.0,25.0
0,13156.584999999746,13156.585072366215,0.023261710720550586,0.023253770686956762,60.0,25.0
0,13156.589999999745,13156.590003435223,0.04062392990222819,0.04057989138095204,60.0,25.0
0,13156.594999999745,13156.594947793945,0.07198942358686769,0.07194250992361617,60.0,25.0
0,13156.599999999744,13156.600017602685,0.12227613550837124,0.1222585114135549,60.0,25.0
0,13156.604999999743,13156.604991506734,0.19042434171551653,0.19036354921842022,60.0,25.0
0,13156.609999999742,13156.610044715135,0.26411273037671307,0.26412066486963326,60.0,25.0
0,13156.614999999741,13156.615050926459,0.32071491256044543,0.3206796957958053,60.0,25.0
0,13156.61999999974,13156.619974987421,0.3380410581943947,0.33807300359501186,60.0,25.0
0,13156.62499999974,13156.624975921797,0.30860268542134467,0.3085350800915957,60.0,25.0
0,13156.629999999739,13156.6301309526,0.24493121350986732,0.2450135386133888,60.0,25.0
0,13156.634999999738,13156.634989147984,0.1708061529647482,0.1708587130464809,60.0,25.0
0,13156.639999999737,13156.639899551661,0.10675909875942817,0.10670991286653157,60.0,25.0
0,13156.644999999737,13156.6450371953,0.061806684273674,0.061857533943151834,60.0,25.0
0,13156.649999999736,13156.65000087565,0.03479301240827331,0.034727741307263464,60.0,25.0
0,13156.654999999735,13156.655101697637,0.02019363787420697,0.020233044083634428,60.0,25.0
0,13156.659999999734,13156.660028673763,0.012678563058667916,0.012693444161113277,60.0,25.0
0,13156.664999999733,13156.664968372703,0.008744443127734819,0.00872462088749984,60.0,25.0
0,13156.669999999733,13156.669998158633,0.006523905465748215,0.006593257196010663,60.0,25.0
0,13156.674999999732,13156.674989917348,0.00513396210055627,0.005079016377962595,60.0,25.0
0,13156.679999999731,13156.680028386518,0.0041787552173026795,0.004220631973710919,60.0,25.0
0,13156.68499999973,13156.685036914649,0.0034810043251303213,0.0035332336166307497,60.0,25.0
0,13156.68999999973,13156.69008799714,0.0029572769171821874,0.002953743477380143,60.0,25.0
0,13156.694999999729,13156.695007389324,0.0025646918123742404,0.0025322312206621975,60.0,25.0
0,13156.699999999728,13156.699962889137,0.0022806641683339192,0.0021951141588735868,60.0,25.0
0,13156.704999999727,13156.705006989687,0.00209472247214443,0.0020487677158193157,60.0,25.0
0,13156.709999999726,13156.709961626066,0.00199926171589983,0.001897939653227727,60.0,25.0
0,13156.714999999725,13156.715066363515,0.001974810078573918,0.0019593388160518655,60.0,25.0
0,13156.719999999725,13156.719972468449,0.0019781553319755314,0.002048040772405092,60.0,25.0
0,13156.724999999724,13156.725000886845,0.0019494200446860223,0.0020240700589534925,60.0,25.0
0,13156.729999999723,13156.730028729144,0.0018418135126036439,0.0018530244349448492,60.0,25.0
0,13156.734999999722,13156.735131037565,0.0016513088438238773,0.0016775959656193128,60.0,25.0
0,13156.739999999721,13156.739998461186,0.0014168909976704177,0.0014349822248105647,60.0,25.0
0,13156.74499999972,13156.744997428257,0.0011907194483546856,0.0011756049502523705,60.0,25.0
0,13156.74999999972,13156.74996496107,0.001006967612864993,0.0010108492384122458,60.0,25.0
0,13156.754999999719,13156.755020350663,0.0008727293721766025,0.0009003156124565308,60.0,25.0
0,13156.759999999718,13156.760000064463,0.0007780698178195748,0.0007775089381128085,60.0,25.0
0,13156.764999999717,13156.765033312608,0.0007093047007437032,0.0006517242187604598,60.0,25.0
0,13156.769999999717,13156.770045424137,0.0006559965159883164,0.0006238775033376858,60.0,25.0
0,13156.774999999716,13156.775014071745,0.0006119765415043429,0.000577584179482664,60.0,25.0
0,13156.779999999715,13156.77998863099,0.0005740093376315472,0.0006212965755720116,60.0,25.0
0,13156.784999999714,13156.784923504276,0.0005404158638625264,0.0005581771494744967,60.0,25.0
0,13156.789999999713,13156.790017926898,0.0005102532911050433,0.00048541511680719976,60.0,25.0
0,13156.794999999713,13156.794988321104,0.0004829245497642036,0.00042997887640590203,60.0,25.0
0,13156.799999999712,13156.799902300543,0.0004580081737291988,0.0005210781909495173,60.0,25.0
0,13156.804999999711,13156.805038673105,0.000435183288696117,0.0003910688227749948,60.0,25.0
0,13156.80999999971,13156.810030448914,0.0004141936702408412,0.00036997536917859745,60.0,25.0
0,13156.81499999971,13156.814938445166,0.00039482843625914465,0.00037197106952797487,60.0,25.0
0,13156.819999999709,13156.820002395785,0.00037691048482701913,0.00030781450649964453,60.0,25.0
0,13156.824999999708,13156.824954372252,0.00036028894189016553,0.0002760691693671186,60.0,25.0
0,13156.829999999707,13156.829929321892,0.0003448338969579076,0.0003331527092761375,60.0,25.0
0,13156.834999999706,13156.835043485755,0.0003304436651429971,0.0002563758284873934,60.0,25.0
0,13156.839999999705,13156.839932128763,0.00031699755955672676,0.0003173202602123246,60.0,25.0
0,13156.844999999705,13156.845050561136,0.000304419873770125,0.00028205916776115965,60.0,25.0
0,13156.849999999704,13156.84994578036,0.00029263403816583486,0.00039019295470248605,60.0,25.0
0,13156.854999999703,13156.854920195763,0.0002812544347582501,0.00037309713553453213,60.0,25.0
0,13156.859999999702,13156.860026535162,0.0002708824024049715,0.0003697667249164045,60.0,25.0
0,13156.864999999701,13156.864929700194,0.0002611171113691974,0.0002748209635171334,60.0,25.0
0,13156.8699999997,13156.8700308968,0.00025191050475944967,0.00026128500850142384,60.0,25.0
0,13156.8749999997,13156.875091279087,0.0002432194819907053,0.0002725880500622633,60.0,25.0
0,13156.879999999699,13156.88000414625,0.00023500466862837427,0.0002176280823976269,60.0,25.0
0,13156.884999999698,13156.884960656884,0.00022723189358106534,0.00022699863147533688,60.0,25.0
0,13156.889999999697,13156.889986219756,0.00021986915884538222,0.00023880802049743114,60.0,25.0
0,13156.894999999697,13156.89506490753,0.0002128879648255282,0.00019957099590212977,60.0,25.0
0,13156.899999999696,13156.900009388584,0.0002062626634259453,0.00014979482750822023,60.0,25.0
0,13156.904999999695,13156.904867138815,0.0001999701529981834,0.00014013134369696674,60.0,25.0
0,13156.909999999694,13156.909939019439,0.00019399048265777077,0.00024471836523255817,60.0,25.0
0,13156.914999999693,13156.915082874542,0.00018830615395247402,0.00015294597744579675,60.0,25.0
0,13156.919999999693,13156.919965240339,0.00018291069840075644,0.00016058280888767658,60.0,25.0
0,13156.924999999692,13156.924954607699,0.00017778314384306248,0.0001034559503685215,60.0,25.0
0,13156.929999999691,13156.930035332529,0.00017299596873613082,0.00021524185223729256,60.0,25.0
0,13156.93499999969,13156.934995711907,0.00016847979270687342,0.0002243587004061512,60.0,25.0
0,13156.93999999969,13156.93999647697,0.00016443174480559143,0.00015983317892322607,60.0,25.0
0,13156.944999999689,13156.945062497905,0.00016119570936838957,0.00016936223923930612,60.0,25.0
0,13156.949999999688,13156.95000628357,0.00015945374389471093,0.00010642644515621045,60.0,25.0
0,13156.954999999687,13156.954971316345,0.00016022771324911478,0.00018683575456058775,60.0,25.0
0,13156.959999999686,13156.959924016332,0.00016450225240405156,0.00017087400772366462,60.0,25.0
0,13156.964999999685,13156.965055043747,0.00017210718431889948,0.00016808560999171857,60.0,25.0
0,13156.969999999685,13156.969981450216,0.0001809612524333914,0.00022900627542658242,60.0,25.0
0,13156.974999999684,13156.97500387083,0.00018709467469509939,0.0002002209546500515,60.0,25.0
0,13156.979999999683,13156.97999331293,0.00018662702076148173,0.0001406308276809902,60.0,25.0
0,13156.984999999682,13156.985075500947,0.000178306539526537,0.0001176331990043088,60.0,25.0
0,13156.989999999681,13156.990050441384,0.00016440677827373113,0.00010546115518711775,60.0,25.0
0,13156.99499999968,13156.994972176512,0.00014911128352104058,0.00016791621988333533,60.0,25.0
0,13156.99999999968,13157.000150476195,0.00013592795680118195,8.436973498852208e-05,60.0,25.0
0,13157.004999999679,13157.004985868158,0.00012626962553857095,4.0915663120322335e-05,60.0,25.0
0,13157.009999999678,13157.010007985748,0.00011976887481947574,4.460607490136468e-05,60.0,25.0
0,13157.014999999677,13157.01492942962,0.0001153615838053976,0.00010125858993871389,60.0,25.0
0,13157.019999999677,13157.020032325056,0.00011209859404826484,7.468820969963775e-05,60.0,25.0
0,13157.024999999676,13157.024945924377,0.00010940092792183054,7.514116324282104e-05,60.0,25.0
0,13157.029999999675,13157.029940287515,0.00010698915431895299,5.747892928662121e-05,60.0,25.0
0,13157.034999999674,13157.0350487149,0.0001047479770096687,4.0933188601138365e-05,60.0,25.0
0,13157.039999999673,13157.040061453212,0.00010263458143872454,7.338900092267749e-05,60.0,25.0
0,13157.044999999673,13157.045057549953,0.00010063604251139279,6.179716796216294e-05,60.0,25.0
0,13157.049999999672,13157.049986220201,9.875531302172059e-05,7.051454537990069e-05,60.0,25.0
0,13157.054999999671,13157.054948690653,9.701330221664924e-05,4.1882056877969555e-05,60.0,25.0
0,13157.05999999967,13157.05992363085,9.546996155554302e-05,8.618873458306679e-05,60.0,25.0
0,13157.06499999967,13157.064906026471,9.428829017902315e-05,0.00013246756269370838,60.0,25.0
0,13157.069999999669,13157.07000788159,9.389246655168009e-05,0.00012787200560097036,60.0,25.0
0,13157.074999999668,13157.074951527698,9.527179820281124e-05,0.00014806346903701228,60.0,25.0
0,13157.079999999667,13157.080015551612,0.00010035231437935988,0.00017513940963772147,60.0,25.0
0,13157.084999999666,13157.085045954344,0.00011199784872883841,3.141292629296413e-05,60.0,25.0
0,13157.089999999665,13157.089991874373,0.000104606965660556,7.043834019592244e-05,60.0,25.0
0,13157.094999999665,13157.094980779142,0.0001347206164781719,0.0001185134587860049,60.0,25.0
0,13157.099999999664,13157.100109655916,0.00016785528171091202,0.0001469565055379205,60.0,25.0
0,13157.104999999663,13157.105047099807,0.0001930112141075503,0.00028393479171656325,60.0,25.0
0,13157.109999999662,13157.11003696678,0.00019949157401584068,0.00022319324148069802,60.0,25.0
0,13157.114999999661,13157.114973992166,0.00018392324923306686,0.0002498016151800865,60.0,25.0
0,13157.11999999966,13157.119934292336,0.0001526854450044723,0.00015066220633221962,60.0,25.0
0,13157.12499999966,13157.12493942574,0.00011739117827544143,0.0001257450902930904,60.0,25.0
0,13157.129999999659,13157.129957753801,8.773162331279568e-05,0.00013084552045214382,60.0,25.0
0,13157.134999999658,13157.135075443606,6.75841456866672e-05,0.00022521116490017523,60.0,25.0
0,13157.139999999657,13157.140034444525,5.591442143214792e-05,1.3622677822894329e-05,60.0,25.0
0,13157.144999999657,13157.145015700764,4.978030302283472e-05,2.1103151421470975e-06,60.0,25.0
0,13157.149999999656,13157.15005942072,4.656769346241968e-05,0.00012641765502235784,60.0,25.0
0,13157.154999999655,13157.154910634787,4.4686658772078865e-05,-4.447588853521827e-05,60.0,25.0
0,13157.159999999654,13157.16004286114,4.337152546234359e-05,2.284165599706793e-05,60.0,25.0
0,13157.164999999653,13157.165002293643,4.230522644073458e-05,0.00011800137809656524,60.0,25.0
0,13157.169999999653,13157.170001333036,4.1364916213503204e-05,-3.226108684239508e-05,60.0,25.0
0,13157.174999999652,13157.175078527473,4.0501271450414607e-05,-1.4995851579985993e-05,60.0,25.0
0,13157.179999999651,13157.18001649887,3.9691762700658364e-05,6.098983980340067e-06,60.0,25.0
0,13157.18499999965,13157.184982773782,3.8924302151552234e-05,3.5612627555512856e-05,60.0,25.0
0,13157.18999999965,13157.19001780122,3.8191492245103986e-05,5.8203564558003006e-05,60.0,25.0
0,13157.194999999649,13157.195019168841,3.748838020524743e-05,8.898916489129358e-05,60.0,25.0
0,13157.199999999648,13157.20000435456,3.681143825185269e-05,3.0993755529814275e-05,60.0,25.0
0,13157.204999999647,13157.204965721647,3.6145095079213945e-05,3.029049494275905e-05,60.0,25.0
0,13157.209999999646,13157.210004989329,3.5513347703177384e-05,-1.1316340945443276e-06,60.0,25.0
0,13157.214999999645,13157.215024009545,3.490146611152223e-05,-4.004512037341344e-07,60.0,25.0
0,13157.219999999645,13157.219928979954,3.430809096532911e-05,4.701159005957302e-05,60.0,25.0
0,13157.224999999644,13157.224942545616,3.373214295155262e-05,3.950344392348772e-05,60.0,25.0
0,13157.229999999643,13157.229967732203,3.3172636379941514e-05,-3.564602909317556e-05,60.0,25.0
0,13157.234999999642,13157.23504703198,3.2628733124920675e-05,-2.9347874782820524e-05,60.0,25.0
0,13157.239999999641,13157.240043220034,3.209969284043432e-05,6.510279658883664e-05,60.0,25.0
0,13157.24499999964,13157.2448877075,3.1584853608984605e-05,-1.656937885621968e-06,60.0,25.0
0,13157.24999999964,13157.25005505891,3.108361755158604e-05,3.713745814370384e-05,60.0,25.0
0,13157.254999999639,13157.254926776965,3.059543994677266e-05,-8.128806207289276e-06,60.0,25.0
0,13157.259999999638,13157.260058368443,3.0119820875413613e-05,1.3706116751985447e-05,60.0,25.0
0,13157.264999999637,13157.264973416672,2.9656298712774678e-05,0.0001604212136677564,60.0,25.0
0,13157.269999999637,13157.270020431524,2.920444499176987e-05,0.0001516878097864904,60.0,25.0
0,13157.274999999636,13157.274942416077,2.876386029810146e-05,3.854817249457117e-05,60.0,25.0
0,13157.279999999635,13157.280007707262,2.8334170952063944e-05,3.688594706643718e-05,60.0,25.0
0,13157.284999999634,13157.284896596666,2.7915026297627233e-05,0.00014571356134548304,60.0,25.0
0,13157.289999999633,13157.289927310465,2.750609646580015e-05,0.00011632764439707787,60.0,25.0
0,13157.294999999633,13157.295085203496,2.7107070512891587e-05,-2.167250011871843e-06,60.0,25.0
0,13157.299999999632,13157.299937487802,2.6717654858425436e-05,4.167060230137474e-05,60.0,25.0
0,13157.304999999631,13157.305104570964,2.633757196542179e-05,0.00014037170987040007,60.0,25.0
0,13157.30999999963,13157.31006128906,2.5899912903753274e-05,8.27739442891666e-05,60.0,25.0
0,13157.31499999963,13157.314984752806,2.5538546739606305e-05,1.4363096543278998e-07,60.0,25.0
0,13157.319999999629,13157.320015990932,2.5185751336633005e-05,7.003949625435492e-05,60.0,25.0
0,13157.324999999628,13157.325001689334,2.4841304005436596e-05,4.583725707171231e-05,60.0,25.0
0,13157.329999999627,13157.329909973316,2.4504993886239955e-05,-4.599564735932478e-05,60.0,25.0
0,13157.334999999626,13157.334969983373,2.4176621435603362e-05,2.9695824106040987e-05,60.0,25.0
0,13157.339999999625,13157.34007611431,2.3855997991364233e-05,4.784049468479892e-05,60.0,25.0
0,13157.344999999625,13157.3449991853,2.354294540830441e-05,4.2763968229339664e-07,60.0,25.0
0,13157.349999999624,13157.350008029272,2.323723667240253e-05,-1.634846498987637e-09,60.0,25.0
0,13157.354999999623,13157.354985911124,2.2938836817945477e-05,6.335780407695268e-05,60.0,25.0
0,13157.359999999622,13157.359969355552,2.2647533316752314e-05,4.525486071036378e-05,60.0,25.0
0,13157.364999999621,13157.364967418524,2.2363187751592264e-05,8.904787967679341e-05,60.0,25.0
0,13157.36999999962,13157.369955159067,2.2085671305552277e-05,-2.6270604319011466e-05,60.0,25.0
0,13157.37499999962,13157.374963980097,2.1814864753027457e-05,6.53798491395849e-05,60.0,25.0
0,13157.379999999619,13157.380107102199,2.155065850933911e-05,5.918272527339874e-06,60.0,25.0
0,13157.384999999618,13157.384996882804,2.1292952741930578e-05,-2.510286035692939e-05,60.0,25.0
0,13157.389999999617,13157.390009032617,2.1041657547229614e-05,9.745063829882858e-05,60.0,25.0
0,13157.394999999617,13157.394996030496,2.0796693198563874e-05,-5.049984664625645e-05,60.0,25.0
0,13157.399999999616,13157.40000089645,2.0557990472014783e-05,9.391393747075358e-05,60.0,25.0
0,13157.404999999615,13157.404995201703,2.0325491058695323e-05,0.0001300909350359598,60.0,25.0
0,13157.409999999614,13157.409996657685,2.0099368347343673e-05,7.741314276022828e-05,60.0,25.0
0,13157.414999999613,13157.414967987437,1.9879168092359385e-05,-1.4815642325974778e-05,60.0,25.0
0,13157.419999999613,13157.420107043277,1.9665069986685195e-05,7.117237318830222e-05,60.0,25.0
0,13157.424999999612,13157.425043963547,1.9457066052990182e-05,1.3137989339924962e-05,60.0,25.0
0,13157.429999999611,13157.430021294083,9.724266105445384e-07,3.362558605169707e-05,60.0,25.0
0,13157.43499999961,13157.435017377307,1.0035872188591093e-06,3.954158395458736e-05,60.0,25.0
0,13157.43999999961,13157.440087489967,1.036753214423679e-06,-8.622545880976211e-06,60.0,25.0
0,13157.444999999609,13157.444975267415,1.0720852052434719e-06,8.844407441934115e-05,60.0,25.0
0,13157.449999999608,13157.449912425438,1.1097622266428206e-06,2.828198190327101e-05,60.0,25.0
0,13157.454999999607,13157.45489682667,1.1499843554401157e-06,1.0829862466073064e-05,60.0,25.0
0,13157.459999999606,13157.459994130257,1.1929757997945303e-06,-8.097791641564528e-05,60.0,25.0
0,13157.464999999605,13157.464959034534,1.2389885695452049e-06,1.733555185101778e-05,60.0,25.0
0,13157.469999999605,13157.469983321214,1.2883068598172223e-06,7.72594847940669e-05,60.0,25.0
0,13157.474999999604,13157.474954566862,1.3412523174100534e-06,-3.287879964690637e-05,60.0,25.0
0,13157.479999999603,13157.480067684397,1.3898572192348043e-06,1.4522168631435736e-05,60.0,25.0
0,13157.484999999602,13157.485051761596,1.4513071244207005e-06,4.4573395537074985e-05,60.0,25.0
0,13157.489999999601,13157.489967862906,1.5177850254722798e-06,-1.9414726386775756e-05,60.0,25.0
0,13157.4949999996,13157.495070654135,1.590673208087051e-06,1.8518656677508792e-05,60.0,25.0
0,13157.4999999996,13157.499927230781,1.6686435195181409e-06,-1.3073256804032197e-05,60.0,25.0
